{"RemoveTaskDesktopNotPresentTest": 3.925272727272727, "OpenTasksTest": 5.536727272727273, "OpenMilestoneTest": 2.9592727272727273, "AddMilestoneTest": 3.945909090909091, "CloseMilestoneTest": 3.3242727272727275, "AddAndRemoveMultipleTasksTest": 11.845181818181821, "RemoveMilestoneTest": 5.527272727272727, "LoginUserTest": 1.2890909090909088, "RemoveUserFromProjectTest": 3.3348181818181817, "AddProjectTest": 6.2763636363636355, "AddAndRemoveLateMilestoneTest": 7.938181818181817, "SearchMultipleProjectsTest": 2.211818181818182, "AddUserEmptyValuesTest": 3.3383636363636358, "OpenTasklistTest": 2.560272727272727, "SearchClosedProjectTest": 1.2378181818181817, "AddTaskDesktopPresentTest": 4.759454545454545, "AddTasksTest": 5.508272727272727, "EditMilestoneTest": 5.265545454545454, "CloseTasksProjectPercentageTest": 3.8796363636363638, "RemoveUserTest": 2.897727272727273, "CloseTasksTest": 6.3184545454545455, "AssignUserToProjectTest": 2.935272727272727, "SearchProjectTest": 1.1738181818181819, "EditUserRoleTest": 2.7223636363636365, "EditProjectTest": 4.887545454545455, "AddUserAlreadyPresentTest": 2.4037272727272723, "OpenProjectTest": 2.5967272727272728, "AddUserTest": 2.7687272727272725, "RemoveProjectTest": 2.455363636363636, "AddMultipleProjectsTest": 6.017363636363637, "CloseProjectTest": 2.4683636363636365, "RemoveMultipleProjectsTest": 7.979999999999999, "AddTasklistTest": 3.757363636363636, "RemoveTasklistTest": 3.3179090909090907, "OpenTasksProjectPercentageTest": 4.359454545454545, "RemoveRoleTest": 2.856, "CloseTasklistTest": 3.5442727272727272, "AddRoleTest": 2.836727272727273, "EditRoleTest": 2.706818181818182, "RemoveTasksTest": 5.244000000000001}