{"AddIssueEmptyTest": 0.7940909090909091, "UpdateIssueStatusConfirmedTest": 1.1894545454545453, "UpdateIssueSummaryTest": 1.1625454545454545, "AddCategoryEmptyTest": 0.9389090909090908, "UpdateProjectStatusTest": 1.0393636363636365, "UpdateUserTest": 1.2097272727272725, "ViewSummaryIssueTest": 0.65, "LoginNegativeTest": 0.31536363636363635, "UpdateIssueStatusNewTest": 1.1656363636363636, "LogoutTest": 0.48536363636363633, "AddProjectTest": 1.5775454545454544, "AddMultipleUsersTest": 3.4181818181818184, "AddUserWrongTest": 1.4055454545454544, "AddMultipleSubprojectsTest": 2.3358181818181816, "UnlinkMultipleSubprojectsTest": 7.529727272727272, "DeleteProjectTest": 1.0777272727272729, "UpdateProjectViewStatusTest": 1.0237272727272726, "DeleteCategoryTest": 1.2145454545454546, "DeleteMultipleSubprojectsTest": 7.693545454545454, "UpdateIssueStatusAssignedTest": 1.1645454545454546, "AddIssueTest": 1.665, "AddUserEmptyTest": 0.921, "LinkMultipleSubprojectsTest": 1.402181818181818, "AssignIssueTest": 1.0632727272727271, "UpdateIssuePriorityTest": 1.1330909090909091, "AddProjectWrongTest": 1.301, "UpdateCategoryEmptyTest": 1.1300909090909093, "AddProjectEmptyTest": 0.9150000000000001, "AddUserTest": 2.0952727272727274, "AddCategoryTest": 1.0846363636363636, "UpdateIssueStatusAcknowledgedTest": 1.1562727272727273, "UpdateIssueStatusFeedbackTest": 1.188090909090909, "DeleteUserTest": 1.163181818181818, "UpdateUserEmptyTest": 1.0862727272727275, "DeleteIssueTest": 1.0841818181818186, "DeleteMultipleUsersTest": 2.163909090909091, "UpdateIssueSeverityTest": 1.1628181818181818, "AddCategoryWrongTest": 1.050181818181818, "UpdateIssueStatusResolvedTest": 1.1484545454545456, "UpdateCategoryTest": 1.2883636363636364, "UpdateProjectDescriptionTest": 1.0801818181818181}