{"AddMultipleEntriesSameRoomSameDayTest": 3.4294545454545453, "AddEntryTest": 1.7635454545454543, "CheckEntryTest": 1.0567272727272727, "AddBuildingTest": 1.2145454545454548, "AddMultipleRoomsTest": 2.7520909090909096, "CheckMultipleEntriesTest": 1.748818181818182, "AddLongNameBuildingNegativeTest": 1.5016363636363637, "SearchEntryNegativeTest": 1.0624545454545453, "AddMultipleEntriesDifferentRoomsSameDayTest": 4.517636363636363, "AddLongNameRoomNegativeTest": 2.0133636363636365, "AddMultipleEntriesSameRoomDifferentDaysTest": 4.268818181818181, "AddRoomTest": 1.6760909090909093, "RemoveBuildingTest": 1.3747272727272728, "AddAndRemoveSerialEntryTest": 3.8982727272727273, "CheckBuildingRoomTest": 0.8666363636363635, "RemoveMultipleRoomsTest": 2.1235454545454546, "RemoveMultipleEntriesTest": 5.0133636363636365, "AddMultipleEntriesDifferentRoomsDifferentDaysTest": 3.2267272727272727, "CheckMultipleBuildingRoomsTest": 0.9502727272727273, "RemoveRoomTest": 1.5277272727272726, "RemoveEntryTest": 1.5549090909090912, "SearchMultipleEntriesTest": 1.3854545454545457}