{"PasswordManagerAddMultipleEntriesTest": 2.582818181818182, "PasswordManagerSearchEntryByNameTest": 1.2688181818181818, "PasswordManagerSearchEntryByTagsTest": 2.429909090909091, "PasswordManagerSearchEntryByTagListTest": 1.174909090909091, "PasswordManagerAddTagTest": 0.9730909090909091, "PasswordManagerAddEntryTest": 1.9870909090909088, "PasswordManagerEditTagTest": 1.013818181818182, "PasswordManagerRemoveTagTest": 0.9988181818181818, "PasswordManagerSearchTagsTest": 1.3506363636363636, "PasswordManagerRemoveEntryTest": 0.9326363636363638, "PasswordManagerSearchEntryByCommentTest": 1.2545454545454546, "PasswordManagerSearchEntryByUrlTest": 1.2902727272727272, "PasswordManagerEditEntryTest": 1.721090909090909, "PasswordManagerSearchEntryNegativeTest": 4.346181818181818, "PasswordManagerSearchTagNegativeTest": 1.0004545454545453, "PasswordManagerAssignTagToEntryTest": 3.1761818181818184, "PasswordManagerRemoveMultipleEntriesTest": 1.1109999999999998, "PasswordManagerRemoveTagsTest": 1.2720909090909092, "PasswordManagerCheckUsedTagsTest": 3.649272727272727, "PasswordManagerSearchAndRemoveMultipleTagsTest": 2.109363636363636, "PasswordManagerSearchMultipleEntriesTest": 4.334272727272727, "PasswordManagerSearchEntryByUsernameTest": 1.2846363636363636, "PasswordManagerCheckEntryTagsRemovedTest": 0.8072727272727271}