{"AddressBookCheckBirthdayInfoTest": 0.5405454545454547, "AddressBookSearchByMultipleGroupsTest": 0.9587272727272727, "AddressBookRemoveAddressBookTest": 0.5633636363636364, "AddressBookAddMultipleGroupsTest": 2.038090909090909, "AddressBookRemoveFromMultipleGroupsTest": 1.736181818181818, "AddressBookAddMultipleAddressBookTest": 4.0805454545454545, "AddressBookAssignToMultipleGroupsTest": 1.124090909090909, "AddressBookRemoveMultipleGroupsTest": 0.7743636363636365, "AddressBookCheckMultipleAddressBookTest": 0.5624545454545454, "AddressBookAssignToGroupTest": 0.4387272727272728, "AddressBookEditMultipleGroupsTest": 3.169636363636364, "AddressBookRemoveFromGroupTest": 0.5484545454545455, "AddressBookSearchAddressBookNameTest": 0.551, "AddressBookRemoveMultipleAddressBookTest": 1.1682727272727271, "AddressBookPrintMultipleAddressBookTest": 0.9357272727272729, "AddressBookAddGroupTest": 0.9194545454545454, "AddressBookSearchByGroupTest": 0.5339090909090909, "AddressBookAddAddressBookTest": 1.6389090909090909, "AddressBookEditAddressBookTest": 0.8202727272727273, "AddressBookEditGroupTest": 0.9505454545454547, "AddressBookSearchAddressBookEmailTest": 0.562909090909091, "AddressBookRemoveGroupTest": 0.5313636363636364, "AddressBookCheckAddressBookTest": 0.4167272727272728, "AddressBookPrintAddressBookTest": 0.5407272727272727, "AddressBookCheckMultipleBirthdaysInfoTest": 0.8759090909090909, "AddressBookEditMultipleAddressBookTest": 2.3486363636363636, "AddressBookSearchMultipleAddressBookNameTest": 1.2888181818181819}