{"AddDeniedCourseTest": 1.515272727272727, "RemoveEnrolMultipleUsersTest": 1.2753636363636363, "AddCourseExerciseTest": 1.504181818181818, "RemoveMultipleUsersTest": 1.2744545454545453, "AddWrongEmailUserTest": 1.4189999999999998, "SearchUserTest": 0.9563636363636365, "LoginUserTest": 0.5426363636363637, "AddCourseEventTest": 1.8607272727272728, "AddMultipleUsersTest": 3.4185454545454546, "ViewProfileStatisticsUserTest": 0.9570000000000001, "MakeCourseExerciseVisibleTest": 0.9440000000000002, "AddEmptyUserTest": 0.8675454545454546, "EnrolDeniedCourseTest": 0.9613636363636364, "SearchAndRemoveDeniedCourseTest": 1.2131818181818181, "AddWrongPasswordUserTest": 1.3672727272727272, "SearchCourseTest": 0.917909090909091, "RemoveUserTest": 0.9557272727272728, "AddTwiceUserTest": 1.4712727272727273, "RemoveEnrolUserTest": 0.7529090909090909, "AddEmptyCourseTest": 0.9340909090909093, "SearchStudentTest": 1.045, "SearchMultipleUsersTest": 1.052, "SearchTeacherTest": 1.0360909090909092, "RemoveCourseExerciseQuestionsTest": 1.3050909090909089, "AddPasswordCourseTest": 1.7122727272727274, "RemoveCourseExerciseTest": 1.0307272727272727, "SearchAllowedCourseTest": 1.0602727272727273, "AddCourseTest": 1.614181818181818, "AddUserTest": 1.5816363636363635, "EnrolUserTest": 0.9652727272727273, "SearchAdminTest": 1.0379090909090907, "RemoveCourseEventTest": 0.9782727272727274, "SearchAndRemovePasswordCourseTest": 1.217, "DoCourseExerciseQuestionsTest": 1.32, "EnrolPasswordCourseWrongPasswordUserTest": 1.1677272727272727, "AddCourseExerciseQuestionsTest": 5.004727272727274, "DoCourseExerciseQuestionsMultipleUsersTest": 4.655181818181818, "EnrolMultipleUsersTest": 3.634181818181818, "EnrolPasswordCourseGoodPasswordUserTest": 1.172090909090909, "RemoveCourseTest": 0.9823636363636364}